id;username;email;password;age;sex
1;Rustic Frozen Bike methodologies parse;Rafael.Champlin@gmail.com;Forward Money Market Account;9125;bottom-line
2;Coordinator Assistant;Keara.Nikolaus29@gmail.com;California payment optimizing;9623;Vision-oriented
3;Innovative Bedfordshire Associate;Candace_Wolff77@hotmail.com;yellow Global Rustic Frozen Chair;16537;multi-byte Planner responsive
4;Shirt Table HTTP;Isaac_Mayert@gmail.com;experiences Virgin Islands, British;46004;Director National
5;Pizza Alaska dedicated;Rocky64@yahoo.com;Fresh Chief;63126;Gold facilitate
6;Wyoming;Terrill.McDermott43@gmail.com;end-to-end Incredible Rubber Sausages;10674;Cotton Savings Account Solomon Islands Dollar
7;compress scalable Investor;Amie.Aufderhar@gmail.com;navigating quantify;29184;invoice Garden
8;Engineer;Janiya43@gmail.com;Awesome empower hacking;40709;focus group full-range ROI
9;Sports Brooks;Ova86@hotmail.com;array value-added Chips;84103;Guarani
10;Ergonomic;Renee_Hilll@yahoo.com;Functionality virtual;53372;grey
