id;photo_url;date;location
1;Saint Helena Pound mesh;2020-05-13T06:16:28;Armenia Orchestrator Specialist
2;world-class Steel;2020-05-13T12:49:03;Buckinghamshire
3;help-desk 24/7 transform;2020-05-13T06:21:36;next-generation magenta
4;mission-critical payment;2020-05-13T05:52:08;Isle
5;mobile repurpose Optimized;2020-05-13T15:18:08;methodologies
6;bypassing system;2020-05-13T18:53:19;solution-oriented Incredible Cotton Tuna Illinois
7;enterprise exploit collaborative;2020-05-13T06:39:52;mint green Licensed Soft Shoes
8;microchip Personal Loan Account withdrawal;2020-05-13T10:25:45;Avon
9;Checking Account Gorgeous Wooden Chicken;2020-05-13T08:03:46;navigate Soft
10;Ergonomic Cotton Computer solutions;2020-05-12T21:07:01;withdrawal XSS
